"pitches","player_id","player_name","year","total_pitches","pitch_percent","ba","iso","babip","slg","woba","xwoba","xba","hits","abs","launch_speed","launch_angle","spin_rate","velocity","effective_speed","whiffs","swings","takes","eff_min_vel","release_extension","pos3_int_start_distance","pos4_int_start_distance","pos5_int_start_distance","pos6_int_start_distance","pos7_int_start_distance","pos8_int_start_distance","pos9_int_start_distance"
"3650",150359,"Burnett, A.J.",2008,"3650","100.0","0.249","0.139","0.318","0.388","0.315",,,"211","849",,,,"90.8",,"395","1600","2040",,,,,,,,,
"3560",136880,"Halladay, Roy",2008,"3560","100.0","0.237","0.108","0.286","0.345","0.274",,,"220","927",,,,"88.8",,"349","1784","1762",,,,,,,,,
"3513",285079,"Dickey, R.A.",2014,"3513","100.0","0.233","0.166","0.264","0.399","0.313",,,"191","820",,,,"77.1",,"387","1637","1870",,,,,,,,,
"3505",285079,"Dickey, R.A.",2013,"3505","100.0","0.242","0.179","0.265","0.422","0.320",,,"207","854",,,,"76.8",,"363","1661","1844",,,,,,,,,
"3394",136880,"Halladay, Roy",2009,"3394","100.0","0.256","0.126","0.306","0.382","0.291",,,"234","913",,,,"89.1",,"349","1685","1702",,,,,,,,,
"3374",460069,"Romero, Ricky",2011,"3374","100.0","0.216","0.150","0.245","0.365","0.296",,,"176","816",,,,"89.7",,"349","1546","1823",,,,,,,,,
"3299",279824,"Buehrle, Mark",2013,"3299","100.0","0.276","0.154","0.306","0.430","0.329",,,"223","807",,,,"81.8",,"251","1447","1840",,,,,,,,,
"3264",285079,"Dickey, R.A.",2015,"3264","100.0","0.244","0.160","0.258","0.405","0.307","0.315","0.254","195","798","87.3","12.3","1591","77.1","75.30","314","1611","1649","-1.8","5.49","109","152","113","147","290","315","294"
"3246",462136,"Estrada, Marco",2017,"3246","100.0","0.256","0.207","0.295","0.463","0.333","0.304","0.229","186","726","86.9","21.7","2333","84.7","82.72","386","1601","1645","-2.0","5.27","109","152","112","148","296","323","295"
"3241",460069,"Romero, Ricky",2010,"3241","100.0","0.242","0.112","0.293","0.354","0.303",,,"189","780",,,,"87.2",,"311","1429","1801",,,,,,,,,
"3140",573186,"Stroman, Marcus",2017,"3140","100.0","0.264","0.129","0.310","0.392","0.310","0.314","0.264","201","762","88.7","0.6","2363","90.5","89.37","330","1398","1741","-1.1","5.61","109","151","111","148","295","321","294"
"3112",453344,"Morrow, Brandon",2011,"3112","100.0","0.237","0.154","0.301","0.391","0.312",,,"162","683",,,,"91.7",,"392","1496","1610",,,,,,,,,
"3102",573186,"Stroman, Marcus",2016,"3102","100.0","0.264","0.143","0.310","0.407","0.312","0.306","0.257","209","792","90.2","0.3","2314","90.3","89.51","312","1466","1636","-0.8","5.80","109","152","113","148","293","316","294"
"3084",460069,"Romero, Ricky",2012,"3084","100.0","0.282","0.158","0.315","0.440","0.361",,,"198","703",,,,"88.2",,"271","1352","1725",,,,,,,,,
"3082",279824,"Buehrle, Mark",2014,"3082","100.0","0.287","0.130","0.319","0.416","0.328",,,"228","795",,,,"81.0",,"207","1396","1686",,,,,,,,,
"3051",571800,"Hutchison, Drew",2014,"3051","100.0","0.245","0.170","0.295","0.416","0.318",,,"173","705",,,,"90.2",,"360","1506","1543",,,,,,,,,
"3043",451788,"Marcum, Shaun",2010,"3043","100.0","0.242","0.161","0.280","0.403","0.302",,,"181","747",,,,"84.2",,"352","1420","1615",,,,,,,,,
"3033",457918,"Happ, J.A.",2016,"3033","100.0","0.231","0.139","0.269","0.371","0.291","0.321","0.256","168","726","89.3","12.1","2297","89.9","88.82","316","1424","1609","-1.1","6.04","107","152","114","147","296","317","290"
"2988",460069,"Romero, Ricky",2009,"2988","100.0","0.284","0.141","0.335","0.425","0.352",,,"192","676",,,,"87.7",,"305","1337","1650",,,,,,,,,
"2919",592717,"Sanchez, Aaron",2016,"2919","100.0","0.224","0.111","0.268","0.335","0.277","0.313","0.251","161","719","90.0","4.4","2344","92.1","91.50","265","1269","1650","-0.6","6.15","110","153","115","149","293","317","296"
"2913",462136,"Estrada, Marco",2015,"2913","100.0","0.203","0.161","0.217","0.364","0.276","0.288","0.218","134","659","87.7","20.2","2302","85.4","83.69","315","1444","1463","-1.7","5.48","110","154","113","149","293","318","297"
"2865",506693,"Alvarez III, Henderson",2012,"2865","100.0","0.290","0.183","0.292","0.473","0.350",,,"216","744",,,,"91.6",,"161","1315","1540",,,,,,,,,
"2843",462136,"Estrada, Marco",2016,"2843","100.0","0.203","0.158","0.234","0.361","0.279","0.296","0.221","132","651","87.8","21.1","2361","84.0","81.84","340","1301","1537","-2.2","5.31","109","152","114","149","292","317","293"
"2829",279824,"Buehrle, Mark",2015,"2829","100.0","0.279","0.161","0.289","0.440","0.321","0.336","0.286","214","768","86.7","11.3","1927","81.0","80.54","160","1362","1456","-0.5","6.19","106","152","112","147","295","317","293"
"2755",446209,"Litsch, Jesse",2008,"2755","100.0","0.261","0.154","0.278","0.414","0.315",,,"178","683",,,,"85.5",,"202","1256","1491",,,,,,,,,
"2742",285079,"Dickey, R.A.",2016,"2742","100.0","0.258","0.203","0.280","0.461","0.338","0.350","0.275","169","655","87.6","12.7","1772","77.1","75.46","311","1318","1424","-1.6","5.40","110","152","117","148","293","315","291"
"2711",446399,"Cecil, Brett",2010,"2711","100.0","0.264","0.152","0.293","0.416","0.322",,,"175","664",,,,"86.8",,"265","1283","1420",,,,,,,,,
"2710",457918,"Happ, J.A.",2014,"2710","100.0","0.261","0.192","0.297","0.453","0.337",,,"160","614",,,,"90.2",,"216","1255","1455",,,,,,,,,
"2663",425226,"Tallet, Brian",2009,"2663","100.0","0.268","0.176","0.299","0.444","0.345",,,"169","631",,,,"87.0",,"257","1210","1447",,,,,,,,,
"2523",453344,"Morrow, Brandon",2010,"2523","100.0","0.248","0.141","0.344","0.389","0.325",,,"136","548",,,,"90.6",,"298","1121","1397",,,,,,,,,
"2511",571800,"Hutchison, Drew",2015,"2511","100.0","0.297","0.176","0.343","0.473","0.357","0.346","0.270","179","603","88.3","12.7","2240","90.4","89.49","258","1214","1295","-0.9","6.03","107","153","112","148","291","316","295"
"2500",462136,"Estrada, Marco",2018,"2500","100.0","0.274","0.247","0.286","0.521","0.360","0.331","0.244","155","566","87.5","24.7","2233","83.1","81.28","282","1214","1285","-1.8","5.31","109","152","114","145","297","320","292"
"2487",457918,"Happ, J.A.",2017,"2487","100.0","0.252","0.143","0.303","0.395","0.301","0.290","0.237","145","575","85.9","8.8","2212","89.7","89.10","262","1186","1301","-0.6","5.99","107","151","111","147","299","324","292"
"2376",446341,"Richmond, Scott",2009,"2376","100.0","0.268","0.226","0.296","0.495","0.359",,,"147","548",,,,"87.4",,"250","1071","1298",,,,,,,,,
"2330",451788,"Marcum, Shaun",2008,"2330","100.0","0.222","0.166","0.246","0.388","0.300",,,"126","567",,,,"84.3",,"242","1033","1287",,,,,,,,,
"2258",469134,"Rogers, Esmil",2013,"2258","100.0","0.279","0.182","0.304","0.461","0.348",,,"152","544",,,,"90.7",,"180","974","1280",,,,,,,,,
"2082",573186,"Stroman, Marcus",2014,"2082","100.0","0.250","0.092","0.306","0.341","0.283",,,"125","501",,,,"91.0",,"196","959","1119",,,,,,,,,
"2041",543208,"Gaviglio, Sam",2018,"2041","100.0","0.281","0.189","0.316","0.470","0.344","0.330","0.265","140","498","88.7","7.6","2008","85.4","85.59","187","894","1145","0.2","6.42","110","152","114","145","295","319","294"
"2014",453646,"Villanueva, Carlos",2012,"2014","100.0","0.242","0.204","0.277","0.446","0.326",,,"113","466",,,,"84.3",,"226","896","1103",,,,,,,,,
"1987",457918,"Happ, J.A.",2018,"1987","100.0","0.229","0.157","0.286","0.386","0.296","0.292","0.217","99","433","88.9","12.7","2201","90.1","89.35","233","937","1050","-0.7","5.95","109","153","112","146","301","324","290"
"1970",453344,"Morrow, Brandon",2012,"1970","100.0","0.214","0.140","0.253","0.354","0.280",,,"98","457",,,,"90.7",,"194","886","1083",,,,,,,,,
"1936",607352,"Biagini, Joe",2017,"1936","100.0","0.265","0.159","0.305","0.425","0.323","0.307","0.251","125","471","85.9","5.6","2244","89.1","88.15","173","899","1036","-1.0","5.84","109","151","111","147","297","321","295"
"1915",446399,"Cecil, Brett",2011,"1915","100.0","0.256","0.202","0.269","0.458","0.339",,,"122","476",,,,"85.5",,"173","909","1003",,,,,,,,,
"1837",457456,"Reyes, Jo-Jo",2011,"1837","100.0","0.306","0.171","0.330","0.477","0.366",,,"140","457",,,,"88.7",,"139","886","948",,,,,,,,,
"1802",430661,"McGowan, Dustin",2008,"1802","100.0","0.273","0.131","0.316","0.404","0.325",,,"115","421",,,,"91.8",,"184","847","949",,,,,,,,,
"1794",592717,"Sanchez, Aaron",2018,"1794","100.0","0.262","0.146","0.304","0.407","0.337","0.350","0.263","106","405","89.1","8.0","2272","90.6","90.50","189","767","1027","-0.1","6.37","107","151","112","146","294","322","295"
"1738",453646,"Villanueva, Carlos",2011,"1738","100.0","0.251","0.139","0.272","0.389","0.304",,,"103","411",,,,"84.3",,"145","750","976",,,,,,,,,
"1723",457918,"Happ, J.A.",2013,"1723","100.0","0.250","0.151","0.289","0.401","0.326",,,"91","364",,,,"88.6",,"153","778","944",,,,,,,,,
"1707",573186,"Stroman, Marcus",2018,"1707","100.0","0.283","0.133","0.328","0.416","0.330","0.324","0.261","115","406","89.1","0.7","2423","89.3","88.22","167","754","953","-1.1","5.51","109","150","112","145","293","316","293"
"1605",446399,"Cecil, Brett",2009,"1605","100.0","0.308","0.210","0.338","0.517","0.388",,,"116","377",,,,"87.7",,"132","693","911",,,,,,,,,
"1582",621366,"Borucki, Ryan",2018,"1582","100.0","0.256","0.131","0.294","0.387","0.305","0.317","0.257","96","375","87.8","11.2","2175","87.5","87.27","138","720","862","-0.2","6.26","108","152","111","144","294","315","287"
"1558",444836,"Laffey, Aaron",2012,"1558","100.0","0.260","0.184","0.259","0.444","0.339",,,"100","385",,,,"85.3",,"110","682","872",,,,,,,,,
"1493",434538,"Liriano, Francisco",2017,"1493","100.0","0.280","0.188","0.329","0.468","0.356","0.340","0.258","91","325","87.1","11.8","2056","88.9","88.68","150","618","875","-0.2","6.17","107","151","111","146","302","324","292"
"1473",475138,"Drabek, Kyle",2011,"1473","100.0","0.289","0.173","0.314","0.462","0.377",,,"87","301",,,,"91.8",,"129","584","889",,,,,,,,,
"1470",435178,"Johnson, Josh",2013,"1470","100.0","0.305","0.183","0.361","0.488","0.369",,,"105","344",,,,"89.9",,"156","655","805",,,,,,,,,
"1449",592717,"Sanchez, Aaron",2015,"1449","100.0","0.224","0.121","0.249","0.345","0.297","0.325","0.253","74","330","89.2","0.2","2334","93.0","92.64","114","604","842","-0.4","6.37","109","152","111","148","291","316","294"
"1403",430661,"McGowan, Dustin",2014,"1403","100.0","0.253","0.187","0.275","0.440","0.338",,,"80","316",,,,"92.5",,"159","661","738",,,,,,,,,
"1322",425226,"Tallet, Brian",2010,"1322","100.0","0.273","0.253","0.267","0.526","0.377",,,"84","308",,,,"87.0",,"107","577","732",,,,,,,,,
"1305",475138,"Drabek, Kyle",2012,"1305","100.0","0.250","0.198","0.269","0.448","0.356",,,"67","268",,,,"90.6",,"121","522","781",,,,,,,,,
"1290",445170,"Redmond, Todd",2013,"1290","100.0","0.239","0.212","0.278","0.451","0.329",,,"70","293",,,,"87.9",,"143","580","701",,,,,,,,,
"1275",572193,"Tepera, Ryan",2017,"1275","100.0","0.205","0.126","0.262","0.331","0.277","0.290","0.216","57","278","85.1","14.5","2357","92.3","91.97","181","626","647","-0.3","6.19","111","151","113","147","297","323","295"
"1272",446209,"Litsch, Jesse",2011,"1272","100.0","0.245","0.181","0.284","0.426","0.324",,,"69","282",,,,"86.7",,"125","537","726",,,,,,,,,
"1269",448802,"García, Jaime",2018,"1269","100.0","0.261","0.220","0.299","0.481","0.356","0.343","0.250","76","291","91.1","13.1","2307","86.0","85.23","119","550","719","-0.8","5.87","108","153","114","146","299","321","291"
"1227",607352,"Biagini, Joe",2018,"1227","100.0","0.323","0.205","0.355","0.529","0.391","0.360","0.281","96","297","88.0","8.7","2205","90.5","89.11","117","569","658","-1.4","5.89","108","150","114","145","294","320","293"
"1205",445170,"Redmond, Todd",2014,"1205","100.0","0.263","0.137","0.312","0.399","0.314",,,"73","278",,,,"88.0",,"112","581","598",,,,,,,,,
"1198",445163,"Janssen, Casey",2010,"1198","100.0","0.272","0.143","0.327","0.415","0.330",,,"74","272",,,,"88.3",,"108","526","671",,,,,,,,,
"1167",456034,"Price, David",2015,"1167","100.0","0.207","0.095","0.283","0.302","0.245","0.241","0.192","57","275","86.1","13.4","2135","91.2","90.02","166","616","551","-1.2","5.99","108","152","113","146","291","316","293"
"1158",461325,"Clippard, Tyler",2018,"1158","100.0","0.223","0.207","0.275","0.430","0.309","0.280","0.197","57","256","86.7","27.1","2110","84.8","83.20","183","581","577","-1.6","5.89","110","151","112","144","296","320","292"
"1157",425861,"Camp, Shawn",2009,"1157","100.0","0.245","0.141","0.282","0.386","0.309",,,"73","298",,,,"85.0",,"88","497","643",,,,,,,,,
"1134",532077,"Osuna, Roberto",2016,"1134","100.0","0.206","0.146","0.257","0.352","0.254","0.285","0.231","55","267","88.4","20.0","2381","92.9","91.96","185","619","499","-0.9","5.94","112","152","113","148","294","319","298"
"1133",434482,"Carlson, Jesse",2009,"1133","100.0","0.258","0.158","0.290","0.415","0.316",,,"67","260",,,,"85.8",,"92","533","588",,,,,,,,,
"1117",607352,"Biagini, Joe",2016,"1117","100.0","0.259","0.102","0.324","0.361","0.296","0.274","0.228","69","266","87.1","7.0","2284","91.1","90.41","136","544","569","-0.7","6.08","108","150","114","147","294","317","293"
"1114",434181,"League, Brandon",2009,"1114","100.0","0.257","0.154","0.327","0.411","0.323",,,"72","280",,,,"92.5",,"166","558","546",,,,,,,,,
"1110",453515,"Purcey, David",2008,"1110","100.0","0.267","0.171","0.310","0.438","0.347",,,"67","251",,,,"88.8",,"113","499","611",,,,,,,,,
"1099",469802,"Perez, Luis",2011,"1099","100.0","0.287","0.174","0.328","0.461","0.360",,,"74","258",,,,"90.4",,"83","482","616",,,,,,,,,
"1094",275933,"Downs, Scott",2008,"1094","100.0","0.213","0.079","0.263","0.291","0.262",,,"54","254",,,,"85.8",,"101","470","596",,,,,,,,,
"1091",532077,"Osuna, Roberto",2015,"1091","100.0","0.191","0.159","0.240","0.351","0.253","0.262","0.203","48","251","87.9","16.8","2306","93.2","92.09","174","543","542","-1.1","5.99","111","152","112","148","292","317","297"
"1090",430630,"Frasor, Jason",2010,"1090","100.0","0.247","0.113","0.320","0.360","0.305",,,"61","247",,,,"89.8",,"101","449","618",,,,,,,,,
"1086",519240,"Rzepczynski, Marc",2009,"1086","100.0","0.225","0.141","0.273","0.366","0.307",,,"51","227",,,,"85.2",,"84","413","673",,,,,,,,,
"1086",276514,"Gregg, Kevin",2010,"1086","100.0","0.237","0.146","0.300","0.384","0.316",,,"52","219",,,,"89.9",,"107","445","634",,,,,,,,,
"1084",571901,"Loup, Aaron",2014,"1084","100.0","0.207","0.133","0.250","0.340","0.287",,,"50","241",,,,"88.6",,"109","453","611",,,,,,,,,
"1083",124805,"Ryan, B.J.",2008,"1083","100.0","0.216","0.117","0.276","0.333","0.292",,,"46","213",,,,"88.2",,"108","463","608",,,,,,,,,
"1082",519240,"Rzepczynski, Marc",2010,"1082","100.0","0.289","0.177","0.344","0.466","0.369",,,"72","249",,,,"86.5",,"106","462","616",,,,,,,,,
"1082",608678,"Leone, Dominic",2017,"1082","100.0","0.202","0.158","0.266","0.360","0.264","0.267","0.200","51","253","86.5","15.2","2346","91.3","91.23","173","527","555","-0.1","6.28","111","151","111","147","298","323","293"
"1081",425861,"Camp, Shawn",2010,"1081","100.0","0.259","0.157","0.284","0.416","0.314",,,"71","274",,,,"85.2",,"105","512","551",,,,,,,,,
"1063",592130,"Barnes, Danny",2017,"1063","100.0","0.200","0.171","0.222","0.371","0.279","0.271","0.199","48","240","88.0","21.7","2044","88.1","86.95","131","517","546","-1.2","5.67","110","151","113","147","300","323","293"
"1038",572193,"Tepera, Ryan",2018,"1038","100.0","0.237","0.185","0.291","0.422","0.318","0.299","0.220","55","232","87.9","13.2","2344","92.4","92.02","154","506","532","-0.4","6.16","108","150","112","144","296","320","292"
"1037",571901,"Loup, Aaron",2013,"1037","100.0","0.258","0.105","0.302","0.363","0.292",,,"66","256",,,,"88.5",,"98","469","552",,,,,,,,,
"1034",521230,"Hendriks, Liam",2015,"1034","100.0","0.240","0.089","0.322","0.329","0.264","0.271","0.234","59","246","88.4","9.4","2087","92.4","92.54","128","541","489","0.1","6.61","110","152","114","148","291","315","294"
"1021",446399,"Cecil, Brett",2012,"1021","100.0","0.294","0.202","0.330","0.496","0.368",,,"70","238",,,,"85.3",,"99","451","570",,,,,,,,,
"1008",571901,"Loup, Aaron",2017,"1008","100.0","0.262","0.098","0.350","0.360","0.316","0.283","0.217","59","225","83.8","4.9","2208","88.0","86.84","105","457","551","-1.2","5.88","108","149","111","146","296","320","293"
"1002",447755,"Delabar, Steve",2013,"1002","100.0","0.231","0.125","0.346","0.356","0.298",,,"50","216",,,,"92.8",,"163","482","504",,,,,,,,,
"995",425861,"Camp, Shawn",2011,"995","100.0","0.303","0.149","0.335","0.452","0.351",,,"79","261",,,,"84.1",,"82","462","501",,,,,,,,,
"987",571800,"Hutchison, Drew",2012,"987","100.0","0.257","0.174","0.293","0.430","0.330",,,"59","230",,,,"90.2",,"87","408","579",,,,,,,,,
"977",506693,"Alvarez III, Henderson",2011,"977","100.0","0.262","0.160","0.283","0.422","0.312",,,"64","244",,,,"91.5",,"68","450","527",,,,,,,,,
"961",532077,"Osuna, Roberto",2017,"961","100.0","0.197","0.077","0.287","0.274","0.223","0.237","0.203","46","234","86.3","11.7","2406","91.2","90.30","169","505","456","-0.9","5.88","112","151","110","147","297","323","296"
"959",430630,"Frasor, Jason",2009,"959","100.0","0.209","0.078","0.264","0.286","0.247",,,"43","206",,,,"91.0",,"98","441","507",,,,,,,,,
"948",445163,"Janssen, Casey",2012,"948","100.0","0.195","0.128","0.242","0.323","0.246",,,"44","226",,,,"89.1",,"100","432","512",,,,,,,,,
"936",275933,"Downs, Scott",2010,"936","100.0","0.211","0.103","0.256","0.314","0.258",,,"47","223",,,,"87.0",,"68","387","536",,,,,,,,,
"932",425226,"Tallet, Brian",2008,"932","100.0","0.243","0.107","0.291","0.350","0.293",,,"52","214",,,,"87.6",,"124","456","465",,,,,,,,,
"919",446399,"Cecil, Brett",2013,"919","100.0","0.201","0.110","0.272","0.311","0.264",,,"44","219",,,,"88.5",,"116","404","506",,,,,,,,,
"910",453344,"Morrow, Brandon",2013,"910","100.0","0.286","0.255","0.302","0.541","0.376",,,"63","220",,,,"90.4",,"85","419","490",,,,,,,,,
"896",434482,"Carlson, Jesse",2008,"896","100.0","0.196","0.148","0.232","0.344","0.263",,,"41","209",,,,"84.0",,"93","416","453",,,,,,,,,
"895",446399,"Cecil, Brett",2014,"895","100.0","0.227","0.084","0.344","0.310","0.279",,,"46","203",,,,"88.7",,"154","398","482",,,,,,,,,
"890",400010,"Rauch, Jon",2011,"890","100.0","0.269","0.212","0.280","0.481","0.347",,,"56","208",,,,"87.0",,"63","417","469",,,,,,,,,
"883",453515,"Purcey, David",2009,"883","100.0","0.287","0.170","0.333","0.457","0.370",,,"54","188",,,,"88.0",,"76","393","488",,,,,,,,,
"880",430630,"Frasor, Jason",2008,"880","100.0","0.208","0.139","0.248","0.347","0.302",,,"36","173",,,,"91.8",,"77","375","489",,,,,,,,,
"877",445163,"Janssen, Casey",2011,"877","100.0","0.228","0.083","0.298","0.311","0.266",,,"47","206",,,,"89.4",,"76","381","488",,,,,,,,,
"875",119984,"Oliver, Darren",2012,"875","100.0","0.214","0.080","0.274","0.294","0.261",,,"43","201",,,,"85.5",,"84","418","457",,,,,,,,,
"875",407911,"Francisco, Frank",2011,"875","100.0","0.246","0.166","0.302","0.412","0.315",,,"49","199",,,,"91.5",,"108","408","456",,,,,,,,,
"831",446099,"Axford, John",2018,"831","100.0","0.234","0.133","0.286","0.367","0.299","0.283","0.219","44","188","85.7","5.0","2058","92.9","93.08","77","354","477","0.2","6.43","108","150","115","144","298","323","295"
"823",446399,"Cecil, Brett",2015,"823","100.0","0.197","0.111","0.282","0.308","0.243","0.235","0.189","39","198","88.0","8.6","2100","88.5","87.04","127","399","412","-1.5","5.59","108","152","112","147","292","316","295"
"822",430630,"Frasor, Jason",2012,"822","100.0","0.256","0.195","0.336","0.451","0.345",,,"42","164",,,,"91.6",,"84","363","457",,,,,,,,,
"817",445163,"Janssen, Casey",2013,"817","100.0","0.202","0.098","0.254","0.301","0.248",,,"39","193",,,,"87.9",,"75","348","465",,,,,,,,,
"809",493200,"Oh, Seunghwan",2018,"809","100.0","0.214","0.139","0.276","0.353","0.266","0.254","0.202","37","173","86.9","21.5","2205","87.8","86.52","124","408","400","-1.3","5.65","107","150","111","144","299","323","292"
"793",434538,"Liriano, Francisco",2016,"793","100.0","0.222","0.164","0.267","0.386","0.293","0.291","0.222","42","189","88.7","5.9","2059","90.3","89.92","105","369","424","-0.4","6.24","106","151","113","146","298","322","295"
"791",592130,"Barnes, Danny",2018,"791","100.0","0.285","0.218","0.333","0.503","0.371","0.308","0.225","47","165","89.6","21.8","2053","87.8","86.41","84","359","432","-1.4","5.60","110","152","114","146","294","319","293"
"790",502593,"Petricka, Jake",2018,"790","100.0","0.317","0.194","0.381","0.511","0.386","0.331","0.268","59","186","89.0","6.7","2084","91.9","92.93","96","374","416","1.0","6.88","108","151","113","145","295","317","292"
"777",445968,"Eveland, Dana",2010,"777","100.0","0.313","0.137","0.333","0.451","0.379",,,"57","182",,,,"85.5",,"48","302","470",,,,,,,,,
"772",446209,"Litsch, Jesse",2010,"772","100.0","0.286","0.189","0.284","0.476","0.361",,,"53","185",,,,"86.9",,"52","330","442",,,,,,,,,
"765",430630,"Frasor, Jason",2011,"765","100.0","0.244","0.167","0.288","0.410","0.314",,,"38","156",,,,"91.2",,"62","331","425",,,,,,,,,
"756",502211,"Bolsinger, Mike",2017,"756","100.0","0.298","0.236","0.331","0.534","0.392","0.358","0.259","48","161","88.3","11.3","2252","84.6","84.33","65","318","438","-0.3","6.25","108","151","113","148","295","321","294"
"738",276351,"Grilli, Jason",2016,"738","100.0","0.189","0.230","0.238","0.419","0.300","0.300","0.210","28","148","89.7","15.9","2448","88.5","87.84","118","341","397","-0.7","6.05","110","153","115","148","297","321","299"
"723",571901,"Loup, Aaron",2015,"723","100.0","0.275","0.175","0.345","0.450","0.337","0.298","0.248","47","171","86.1","3.5","2124","89.8","88.65","75","324","399","-1.1","6.08","107","151","112","146","292","315","293"
"716",445163,"Janssen, Casey",2009,"716","100.0","0.341","0.197","0.370","0.538","0.400",,,"59","173",,,,"85.8",,"57","312","399",,,,,,,,,
"714",119984,"Oliver, Darren",2013,"714","100.0","0.257","0.169","0.297","0.426","0.325",,,"47","183",,,,"84.7",,"58","292","418",,,,,,,,,
"706",332292,"Parrish, John",2008,"706","100.0","0.288","0.166","0.304","0.454","0.350",,,"47","163",,,,"86.1",,"51","304","402",,,,,,,,,
"706",275933,"Downs, Scott",2009,"706","100.0","0.251","0.131","0.304","0.383","0.301",,,"46","183",,,,"86.8",,"79","332","369",,,,,,,,,
"701",445163,"Janssen, Casey",2014,"701","100.0","0.261","0.144","0.279","0.406","0.307",,,"47","180",,,,"86.6",,"60","326","375",,,,,,,,,
"698",457918,"Happ, J.A.",2012,"698","100.0","0.236","0.149","0.324","0.385","0.305",,,"35","148",,,,"88.4",,"96","313","381",,,,,,,,,
"695",623381,"Pannone, Thomas",2018,"695","100.0","0.231","0.188","0.236","0.419","0.309","0.304","0.222","37","160","88.1","19.0","2113","83.7","83.38","72","312","383","-0.3","6.16","108","152","112","147","297","313","287"
"681",445926,"Chavez, Jesse",2016,"681","100.0","0.269","0.213","0.309","0.481","0.340","0.322","0.244","43","160","89.9","13.5","2345","91.0","90.22","70","340","341","-0.8","6.14","109","152","115","147","293","317","293"
"670",469802,"Perez, Luis",2012,"670","100.0","0.244","0.103","0.307","0.346","0.302",,,"38","156",,,,"90.4",,"80","318","352",,,,,,,,,
"649",474599,"Wagner, Neil",2013,"649","100.0","0.271","0.146","0.318","0.417","0.329",,,"39","144",,,,"93.3",,"75","302","343",,,,,,,,,
"641",571901,"Loup, Aaron",2018,"641","100.0","0.299","0.163","0.385","0.463","0.354","0.312","0.249","44","147","86.6","7.6","2296","88.2","86.63","80","295","346","-1.6","5.74","108","151","113","145","294","320","294"
"636",656887,"Reid-Foley, Sean",2018,"636","100.0","0.244","0.197","0.313","0.441","0.346","0.314","0.213","31","127","88.2","14.0","2089","90.0","90.99","83","285","351","1.0","6.88","108","151","114","146","295","310","290"
"635",544759,"Schultz, Bo",2015,"635","100.0","0.205","0.160","0.208","0.365","0.279","0.322","0.254","32","156","90.0","9.3","2277","94.0","93.47","78","312","323","-0.5","6.44","110","152","113","148","294","315","294"
"623",150188,"Cordero, Francisco",2012,"623","100.0","0.340","0.199","0.380","0.539","0.402",,,"48","141",,,,"88.8",,"59","270","350",,,,,,,,,
"618",453344,"Morrow, Brandon",2014,"618","100.0","0.287","0.171","0.361","0.457","0.368",,,"37","129",,,,"90.8",,"59","275","343",,,,,,,,,
"617",453515,"Purcey, David",2010,"617","100.0","0.210","0.129","0.253","0.339","0.280",,,"26","124",,,,"90.8",,"76","303","310",,,,,,,,,
"613",592717,"Sanchez, Aaron",2017,"613","100.0","0.288","0.171","0.310","0.459","0.362","0.372","0.287","42","146","87.1","7.5","2388","92.0","91.32","40","250","363","-0.7","6.24","108","152","111","146","295","321","295"
"609",641835,"Mayza, Tim",2018,"609","100.0","0.244","0.126","0.326","0.370","0.298","0.262","0.198","33","135","87.5","10.8","2088","90.5","90.19","92","305","304","-0.3","6.24","108","152","114","145","294","315","289"
"604",425861,"Camp, Shawn",2008,"604","100.0","0.263","0.112","0.317","0.375","0.302",,,"40","152",,,,"86.3",,"58","285","307",,,,,,,,,
"589",519322,"Storen, Drew",2016,"589","100.0","0.309","0.223","0.366","0.532","0.389","0.359","0.281","43","139","89.6","10.4","2148","87.8","87.06","69","275","310","-0.7","5.97","109","149","114","144","291","315","292"
"575",453184,"Lincoln, Brad",2013,"575","100.0","0.233","0.158","0.264","0.392","0.343",,,"28","120",,,,"89.8",,"50","240","335",,,,,,,,,
"567",447755,"Delabar, Steve",2012,"567","100.0","0.213","0.176","0.328","0.389","0.304",,,"23","108",,,,"91.4",,"104","289","278",,,,,,,,,
"566",446399,"Cecil, Brett",2016,"566","100.0","0.269","0.159","0.347","0.428","0.320","0.314","0.257","39","145","90.2","10.5","2209","88.2","86.07","75","267","299","-2.1","5.35","109","151","112","146","292","317","294"
"566",519240,"Rzepczynski, Marc",2011,"566","100.0","0.201","0.086","0.250","0.288","0.269",,,"28","139",,,,"89.2",,"70","245","321",,,,,,,,,
"563",448722,"Perez, Juan Pablo",2013,"563","100.0","0.200","0.113","0.253","0.313","0.280",,,"23","115",,,,"89.2",,"60","234","329",,,,,,,,,
"547",501925,"Smith, Joe",2017,"547","100.0","0.229","0.107","0.346","0.336","0.270","0.273","0.219","30","131","87.3","7.6","2146","86.4","86.52","74","278","269","0.1","6.58","110","152","112","147","297","321","294"
"543",447755,"Delabar, Steve",2015,"543","100.0","0.250","0.214","0.295","0.464","0.343","0.304","0.208","28","112","89.6","11.6","2102","91.2","91.04","76","286","256","-0.2","6.55","110","152","112","147","294","316","294"
"495",434181,"League, Brandon",2008,"495","100.0","0.230","0.090","0.268","0.320","0.294",,,"28","122",,,,"95.9",,"45","248","239",,,,,,,,,
"494",474463,"Anderson, Brett",2017,"494","100.0","0.302","0.140","0.340","0.442","0.335","0.354","0.305","39","129","88.8","4.5","2010","86.0","85.10","47","234","260","-0.9","5.76","107","152","109","148","296","323","289"
"480",447755,"Delabar, Steve",2014,"480","100.0","0.211","0.156","0.239","0.367","0.335",,,"19","90",,,,"91.3",,"53","227","252",,,,,,,,,
"475",425856,"Floyd, Gavin",2016,"475","100.0","0.205","0.161","0.241","0.366","0.276","0.288","0.213","23","112","90.5","14.1","2244","88.6","88.93","75","225","249","0.3","6.68","111","150","114","146","294","315","288"
"471",554432,"Jenkins, Chad",2013,"471","100.0","0.250","0.194","0.264","0.444","0.313",,,"31","124",,,,"88.0",,"36","224","239",,,,,,,,,
"465",572193,"Tepera, Ryan",2015,"465","100.0","0.193","0.227","0.169","0.420","0.290","0.314","0.232","23","119","89.0","11.8","2198","91.4","90.49","48","238","227","-0.9","5.91","108","154","115","149","293","319","295"
"465",592717,"Sanchez, Aaron",2014,"465","100.0","0.128","0.037","0.160","0.165","0.177",,,"14","109",,,,"95.9",,"34","199","266",,,,,,,,,
"456",136734,"Dotel, Octavio",2011,"456","100.0","0.187","0.178","0.208","0.364","0.283",,,"20","107",,,,"90.3",,"53","217","230",,,,,,,,,
"454",430661,"McGowan, Dustin",2013,"454","100.0","0.190","0.130","0.236","0.320","0.274",,,"19","100",,,,"92.8",,"58","195","255",,,,,,,,,
"454",554432,"Jenkins, Chad",2012,"454","100.0","0.260","0.163","0.265","0.423","0.326",,,"32","123",,,,"89.1",,"42","224","228",,,,,,,,,
"452",435618,"Accardo, Jeremy",2009,"452","100.0","0.267","0.105","0.309","0.372","0.346",,,"23","86",,,,"91.5",,"32","204","244",,,,,,,,,
"440",554432,"Jenkins, Chad",2014,"440","100.0","0.264","0.109","0.294","0.372","0.297",,,"34","129",,,,"89.7",,"31","221","215",,,,,,,,,
"439",596057,"Norris, Daniel",2015,"439","100.0","0.267","0.186","0.299","0.453","0.354","0.349","0.245","23","86","88.3","18.0","2142","87.5","85.83","44","173","266","-1.7","5.46","108","149","112","146","291","314","292"
"438",150009,"Ortiz, Ramon",2013,"438","100.0","0.337","0.277","0.303","0.614","0.424",,,"34","101",,,,"84.8",,"35","200","232",,,,,,,,,
"435",446341,"Richmond, Scott",2008,"435","100.0","0.296","0.194","0.345","0.491","0.347",,,"32","108",,,,"87.4",,"46","200","235",,,,,,,,,
"434",276351,"Grilli, Jason",2017,"434","100.0","0.279","0.384","0.278","0.663","0.414","0.410","0.295","24","86","89.6","15.0","2445","88.9","87.81","49","214","220","-1.1","6.04","112","152","113","147","301","324","295"
"434",571901,"Loup, Aaron",2012,"434","100.0","0.232","0.071","0.283","0.304","0.237",,,"26","112",,,,"89.7",,"31","174","260",,,,,,,,,
"431",453184,"Lincoln, Brad",2012,"431","100.0","0.264","0.245","0.299","0.509","0.352",,,"29","110",,,,"90.8",,"38","191","235",,,,,,,,,
"415",469134,"Rogers, Esmil",2014,"415","100.0","0.318","0.239","0.371","0.557","0.407",,,"28","88",,,,"90.1",,"40","187","228",,,,,,,,,
"412",435045,"Santos, Sergio",2014,"412","100.0","0.326","0.302","0.426","0.628","0.447",,,"28","86",,,,"90.4",,"62","167","237",,,,,,,,,
"411",502166,"Mills, Brad",2010,"411","100.0","0.241","0.157","0.281","0.398","0.330",,,"20","83",,,,"81.6",,"30","158","249",,,,,,,,,
"409",425426,"Wang, Chien-Ming",2013,"409","100.0","0.351","0.202","0.368","0.553","0.413",,,"40","114",,,,"87.6",,"28","181","228",,,,,,,,,
"400",433585,"Francis, Jeff",2015,"400","100.0","0.300","0.144","0.364","0.444","0.357","0.344","0.278","27","90","88.1","10.3","1868","80.7","81.37","40","174","226","0.7","6.98","108","153","116","149","288","316","294"
"397",445926,"Chavez, Jesse",2012,"397","100.0","0.281","0.281","0.333","0.562","0.390",,,"25","89",,,,"89.7",,"45","181","211",,,,,,,,,
"397",124805,"Ryan, B.J.",2009,"397","100.0","0.293","0.267","0.293","0.560","0.418",,,"22","75",,,,"85.2",,"28","166","223",,,,,,,,,
"388",407193,"Lyon, Brandon",2012,"388","100.0","0.207","0.130","0.270","0.337","0.271",,,"19","92",,,,"86.2",,"38","163","223",,,,,,,,,
"386",468528,"Carreno, Joel",2012,"386","100.0","0.265","0.325","0.250","0.590","0.408",,,"22","83",,,,"87.1",,"37","159","226",,,,,,,,,
"380",460602,"Hayhurst, Dirk",2009,"380","100.0","0.274","0.143","0.296","0.417","0.331",,,"23","84",,,,"84.1",,"25","152","219",,,,,,,,,
"377",608601,"Santos, Luis",2018,"377","100.0","0.333","0.282","0.423","0.615","0.423","0.344","0.274","26","78","87.9","16.6","2347","89.0","88.81","59","175","202","-0.2","6.16","109","150","115","145","292","317","295"
"376",502166,"Mills, Brad",2011,"376","100.0","0.299","0.247","0.345","0.545","0.411",,,"23","77",,,,"82.3",,"35","160","212",,,,,,,,,
"376",430661,"McGowan, Dustin",2011,"376","100.0","0.247","0.222","0.276","0.469","0.360",,,"20","81",,,,"90.9",,"36","160","216",,,,,,,,,
"373",573186,"Stroman, Marcus",2015,"373","100.0","0.208","0.083","0.237","0.292","0.248","0.278","0.237","20","96","87.8","-1.8","2088","89.4","88.59","30","167","206","-0.8","5.91","113","155","117","151","285","311","292"
"373",276542,"Benoit, Joaquín",2016,"373","100.0","0.205","0.060","0.271","0.265","0.247","0.301","0.238","17","83","88.5","14.1","2094","91.4","90.63","56","193","180","-0.8","6.08","106","151","113","147","296","321","297"
"369",467094,"Doubront, Felix",2015,"369","100.0","0.340","0.106","0.383","0.447","0.355","0.306","0.272","32","94","90.0","1.0","2010","87.0","86.61","28","175","190","-0.4","6.31","103","151","109","146","301","314","295"
"363",459988,"Ray, Robert",2009,"363","100.0","0.253","0.198","0.253","0.451","0.330",,,"23","91",,,,"87.1",,"24","163","196",,,,,,,,,
"361",429718,"Hill, Shawn",2010,"361","100.0","0.282","0.082","0.324","0.365","0.304",,,"24","85",,,,"85.7",,"28","167","193",,,,,,,,,
"355",502158,"Roenicke, Josh",2010,"355","100.0","0.237","0.118","0.298","0.355","0.331",,,"18","76",,,,"90.7",,"40","159","196",,,,,,,,,
"341",571616,"Dermody, Matt",2017,"341","100.0","0.264","0.241","0.254","0.506","0.341","0.301","0.230","23","87","85.6","18.1","2253","89.2","88.67","41","163","178","-0.5","6.07","108","152","114","148","295","322","296"
"340",641835,"Mayza, Tim",2017,"340","100.0","0.320","0.200","0.467","0.520","0.370","0.315","0.274","24","75","91.4","11.9","2171","90.0","90.21","58","168","172","0.2","6.52","112","152","115","149","293","317","295"
"339",491624,"Valdez, César",2017,"339","100.0","0.307","0.250","0.348","0.557","0.384","0.357","0.279","27","88","89.7","9.2","2044","84.8","84.11","42","172","167","-0.7","5.89","110","153","116","148","296","323","295"
"331",502158,"Roenicke, Josh",2009,"331","100.0","0.271","0.114","0.340","0.386","0.343",,,"19","70",,,,"90.9",,"37","144","185",,,,,,,,,
"327",451650,"Lewis, Rommie",2010,"327","100.0","0.270","0.230","0.291","0.500","0.367",,,"20","74",,,,"90.1",,"33","147","180",,,,,,,,,
"312",571704,"Giles, Ken",2018,"312","100.0","0.234","0.208","0.275","0.442","0.309","0.261","0.200","18","77","85.3","7.3","2296","93.0","87.63","53","166","146","-5.4","5.37","111","150","110","144","294","312","292"
"312",444857,"Feldman, Scott",2016,"312","100.0","0.348","0.152","0.420","0.500","0.390","0.286","0.224","23","66","86.1","-2.4","2255","88.4","87.98","31","135","177","-0.4","6.22","105","149","114","146","297","319","295"
"312",430582,"Wolfe, Brian",2008,"312","100.0","0.234","0.143","0.258","0.377","0.286",,,"18","77",,,,"91.1",,"29","144","163",,,,,,,,,
"310",435045,"Santos, Sergio",2013,"310","100.0","0.131","0.095","0.175","0.226","0.162",,,"11","84",,,,"91.2",,"58","157","145",,,,,,,,,
"309",635903,"Rowley, Chris",2017,"309","100.0","0.304","0.253","0.313","0.557","0.395","0.351","0.266","24","79","84.1","17.3","2325","86.0","85.68","42","152","157","-0.3","6.16","107","151","112","149","295","323","299"
"296",542924,"Beliveau, Jeff",2017,"296","100.0","0.283","0.267","0.317","0.550","0.367","0.332","0.248","17","60","89.7","14.2","2376","86.3","86.02","31","138","158","-0.3","6.16","111","153","116","147","296","318","295"
"290",572193,"Tepera, Ryan",2016,"290","100.0","0.233","0.068","0.296","0.301","0.287","0.259","0.194","17","73","84.1","4.8","2371","92.8","92.28","42","145","144","-0.5","6.16","108","150","115","147","294","318","293"
"288",430582,"Wolfe, Brian",2009,"288","100.0","0.379","0.288","0.385","0.667","0.459",,,"25","66",,,,"91.6",,"24","135","149",,,,,,,,,
"285",543408,"Koehler, Tom",2017,"285","100.0","0.242","0.136","0.313","0.379","0.304","0.295","0.220","16","66","90.0","14.2","2295","87.8","86.13","28","129","156","-1.7","5.40","109","153","115","150","299","328","293"
"279",445170,"Redmond, Todd",2015,"279","100.0","0.266","0.234","0.292","0.500","0.365","0.378","0.260","17","64","91.9","26.5","2161","88.6","87.71","35","135","144","-0.9","6.01","107","152","114","148","295","314","292"
"274",608601,"Santos, Luis",2017,"274","100.0","0.234","0.266","0.250","0.500","0.325","0.313","0.227","15","64","88.0","20.8","2315","88.3","88.58","39","132","142","0.3","6.41","111","151","111","149","294","324","297"
"268",543819,"Stewart, Zach",2011,"268","100.0","0.382","0.176","0.421","0.559","0.423",,,"26","68",,,,"89.1",,"12","116","148",,,,,,,,,
"262",502009,"Latos, Mat",2017,"262","100.0","0.311","0.344","0.304","0.656","0.433","0.380","0.276","19","61","88.9","12.8","1944","88.5","88.15","31","121","141","-0.3","6.03","110","152","111","148","306","326","296"
"262",444447,"Beck, Chad",2012,"262","100.0","0.318","0.212","0.339","0.530","0.379",,,"21","66",,,,"91.6",,"22","134","128",,,,,,,,,
"261",571901,"Loup, Aaron",2016,"261","100.0","0.288","0.212","0.342","0.500","0.358","0.358","0.294","15","52","86.1","7.9","2205","87.2","85.48","23","121","140","-1.7","5.95","110","149","118","147","294","318","295"
"260",475138,"Drabek, Kyle",2010,"260","100.0","0.295","0.148","0.327","0.443","0.339",,,"18","61",,,,"92.1",,"33","119","140",,,,,,,,,
"260",544759,"Schultz, Bo",2016,"260","100.0","0.266","0.203","0.269","0.469","0.321","0.339","0.292","17","64","89.1","7.3","2359","94.5","94.01","22","122","138","-0.5","6.30","108","150","112","146","296","316","294"
"258",450275,"Lowe, Mark",2015,"258","100.0","0.224","0.179","0.231","0.403","0.265","0.204","0.187","15","67","83.6","10.5","2354","92.3","91.25","35","127","131","-1.0","5.86","111","153","114","148","289","315","295"
"252",571577,"Copeland, Scott",2015,"252","100.0","0.369","0.154","0.390","0.523","0.387","0.361","0.353","24","65","89.4","4.9","1844","87.2","86.76","16","112","140","-0.4","6.64","106","150","110","147","296","314","295"
"252",115629,"Hawkins, LaTroy",2015,"252","100.0","0.319","0.116","0.389","0.435","0.340","0.317","0.274","22","69","89.4","11.8","2030","91.6","90.94","22","135","117","-0.7","6.01","109","153","115","149","291","316","296"
"244",519344,"Tepesch, Nick",2017,"244","100.0","0.304","0.321","0.273","0.625","0.428","0.452","0.309","17","56","87.6","15.0","2132","86.1","86.99","17","113","131","0.9","6.64","109","148","116","150","300","329","297"
"236",596271,"Lawrence, Casey",2017,"236","100.0","0.356","0.186","0.373","0.542","0.411","0.322","0.242","21","59","83.1","-0.8","2036","87.3","86.74","18","105","131","-0.6","5.89","107","148","110","147","300","322","297"
"234",592130,"Barnes, Danny",2016,"234","100.0","0.275","0.098","0.359","0.373","0.303","0.260","0.201","14","51","86.4","17.0","2150","88.8","87.59","29","106","128","-1.2","5.84","110","152","113","147","298","321","296"
"226",599998,"Campos, Leonel",2017,"226","100.0","0.216","0.216","0.265","0.431","0.332","0.298","0.199","11","51","91.2","22.4","1990","89.0","87.99","47","115","111","-1.0","5.64","111","152","113","148","297","319","295"
"223",532077,"Osuna, Roberto",2018,"223","100.0","0.267","0.050","0.340","0.317","0.275","0.327","0.290","16","60","87.9","10.0","2389","92.8","91.98","30","127","96","-0.8","5.85","109","151","110","146","294","321","296"
"221",521230,"Hendriks, Liam",2014,"221","100.0","0.235","0.216","0.225","0.451","0.341",,,"12","51",,,,"88.7",,"20","106","115",,,,,,,,,
"221",468528,"Carreno, Joel",2011,"221","100.0","0.200","0.109","0.250","0.309","0.253",,,"11","55",,,,"85.8",,"22","88","133",,,,,,,,,
"216",474599,"Wagner, Neil",2014,"216","100.0","0.279","0.256","0.297","0.535","0.378",,,"12","43",,,,"93.5",,"18","102","114",,,,,,,,,
"215",570702,"Ramirez, Carlos",2017,"215","100.0","0.111","0.204","0.081","0.315","0.208","0.266","0.196","6","54","86.8","28.8","2190","87.7","87.64","33","108","107","-0.1","6.48","112","153","115","148","297","325","295"
"212",434482,"Carlson, Jesse",2010,"212","100.0","0.250","0.231","0.244","0.481","0.342",,,"13","52",,,,"86.2",,"17","112","92",,,,,,,,,
"206",571800,"Hutchison, Drew",2016,"206","100.0","0.271","0.313","0.281","0.583","0.388","0.380","0.259","13","48","90.4","15.4","2324","89.8","89.14","23","99","107","-0.7","6.02","112","155","116","148","294","319","289"
"204",435618,"Accardo, Jeremy",2008,"204","100.0","0.300","0.200","0.311","0.500","0.355",,,"15","50",,,,"92.5",,"10","89","113",,,,,,,,,
"201",612434,"Castro, Miguel",2015,"201","100.0","0.306","0.184","0.351","0.490","0.354","0.350","0.276","15","49","91.9","12.7","2208","92.3","91.78","26","89","106","-0.5","6.22","108","147","108","145","286","316","294"
"193",434442,"Howell, J.P.",2017,"193","100.0","0.289","0.267","0.297","0.556","0.396","0.374","0.285","13","45","85.4","2.8","1961","82.8","80.10","14","69","124","-2.7","5.23","108","148","114","144","292","318","294"
"189",502166,"Mills, Brad",2009,"189","100.0","0.400","0.400","0.435","0.800","0.524",,,"14","35",,,,"80.9",,"21","70","119",,,,,,,,,
"188",502026,"Jeffress, Jeremy",2013,"188","100.0","0.211","0.079","0.280","0.289","0.274",,,"8","38",,,,"94.1",,"22","79","109",,,,,,,,,
"183",519169,"Rasmussen, Rob",2014,"183","100.0","0.195","0.098","0.259","0.293","0.301",,,"8","41",,,,"89.7",,"26","85","98",,,,,,,,,
"172",605260,"Guerrieri, Taylor",2018,"172","100.0","0.243","0.081","0.286","0.324","0.318","0.315","0.222","9","37","84.6","1.6","2179","89.5","88.46","22","76","96","-1.0","5.82","110","152","115","147","294","310","287"
"172",622774,"Fernández, José Manuel",2018,"172","100.0","0.244","0.195","0.242","0.439","0.324","0.323","0.235","10","41","86.0","22.1","2218","88.9","87.38","17","83","89","-1.5","5.43","110","150","108","144","287","309","294"
"168",519381,"Venditte, Pat",2016,"168","100.0","0.297","0.135","0.323","0.432","0.341","0.270","0.202","11","37","90.2","16.9","2703","78.8","78.31","19","74","94","-0.5","6.22","111","153","118","149","289","315","287"
"165",430889,"Murphy, Bill",2009,"165","100.0","0.111","0.167","0.100","0.278","0.254",,,"4","36",,,,"86.4",,"16","61","104",,,,,,,,,
"162",460069,"Romero, Ricky",2013,"162","100.0","0.355","0.194","0.375","0.548","0.461",,,"11","31",,,,"87.8",,"10","59","103",,,,,,,,,
"161",502165,"Carpenter, Drew",2012,"161","100.0","0.206","0.382","0.143","0.588","0.385",,,"7","34",,,,"87.5",,"16","65","96",,,,,,,,,
"158",446209,"Litsch, Jesse",2009,"158","100.0","0.350","0.375","0.357","0.725","0.465",,,"14","40",,,,"87.1",,"14","71","87",,,,,,,,,
"152",425656,"Ledezma, Wilfredo",2011,"152","100.0","0.393","0.286","0.455","0.679","0.492",,,"11","28",,,,"91.2",,"18","62","90",,,,,,,,,
"151",643410,"Leiter Jr., Mark",2018,"151","100.0","0.394","0.242","0.478","0.636","0.453","0.364","0.278","13","33","89.3","19.8","1863","86.8","86.65","14","60","90","-0.1","6.21","111","150","113","145","290","310","290"
"149",457751,"Crawford, Evan",2012,"149","100.0","0.333","0.367","0.318","0.700","0.468",,,"10","30",,,,"85.9",,"9","62","83",,,,,,,,,
"146",592547,"McGuire, Deck",2018,"146","100.0","0.265","0.324","0.280","0.588","0.397","0.398","0.282","9","34","91.0","22.2","2433","88.9","87.55","16","63","83","-1.3","5.67","111","155","124","149","300","326","305"
"146",596101,"Shafer, Justin",2018,"146","100.0","0.194","0.161","0.179","0.355","0.326","0.402","0.302","6","31","86.0","8.7","2337","90.6","90.69","11","59","87","0.1","6.40","106","154","115","145","297","315","285"
"144",543258,"Guilmet, Preston",2018,"144","100.0","0.324","0.500","0.280","0.824","0.492","0.491","0.371","11","34","87.1","20.8","1784","86.0","83.88","16","76","68","-2.1","5.06","111","152","113","144","299","324","288"
"144",643325,"Girodo, Chad",2016,"144","100.0","0.268","0.268","0.242","0.537","0.361","0.397","0.325","11","41","90.6","0.0","2068","84.1","83.72","14","60","84","-0.4","6.27","111","151","116","147","291","313","288"
"142",429440,"Gonzalez, Edgar",2013,"142","100.0","0.281","0.250","0.259","0.531","0.404",,,"9","32",,,,"82.0",,"11","62","80",,,,,,,,,
"142",451650,"Lewis, Rommie",2011,"142","100.0","0.444","0.259","0.524","0.704","0.524",,,"12","27",,,,"90.4",,"12","69","73",,,,,,,,,
"140",623434,"Hauschild, Mike",2018,"140","100.0","0.241","0.069","0.280","0.310","0.308","0.450","0.335","7","29","95.3","13.7","2015","86.3","85.54","14","57","83","-0.8","5.85","109","150","111","144","293","312","290"
"138",596057,"Norris, Daniel",2014,"138","100.0","0.208","0.125","0.200","0.333","0.305",,,"5","24",,,,"87.3",,"10","52","86",,,,,,,,,
"135",435618,"Accardo, Jeremy",2010,"135","100.0","0.400","0.133","0.444","0.533","0.442",,,"12","30",,,,"90.9",,"11","70","65",,,,,,,,,
"134",434638,"Burres, Brian",2009,"134","100.0","0.375","0.188","0.429","0.563","0.443",,,"12","32",,,,"84.2",,"8","53","81",,,,,,,,,
"132",445193,"Coello, Robert",2012,"132","100.0","0.357","0.393","0.533","0.750","0.500",,,"10","28",,,,"90.7",,"18","62","70",,,,,,,,,
"131",571510,"Boyd, Matthew",2015,"131","100.0","0.441","0.441","0.435","0.882","0.551","0.402","0.319","15","34","91.7","11.0","2181","87.2","86.38","14","62","69","-0.8","6.21","107","155","115","150","296","317","293"
"131",449173,"Harrell, Lucas",2017,"131","100.0","0.345","0.138","0.409","0.483","0.394","0.349","0.288","10","29","86.9","9.4","2202","89.8","89.65","9","49","82","-0.1","6.27","108","149","117","143","304","323","289"
"128",600944,"Paulino, David",2018,"128","100.0","0.240","0.160","0.263","0.400","0.292","0.196","0.164","6","25","85.2","13.5","2201","86.1","85.48","13","57","71","-0.6","6.05","111","154","117","146","295","312","287"
"123",502166,"Mills, Brad",2014,"123","100.0","0.455","0.636","0.467","1.091","0.644",,,"10","22",,,,"83.4",,"12","53","70",,,,,,,,,
"117",425860,"Bullington, Bryan",2009,"117","100.0","0.304","0.130","0.368","0.435","0.374",,,"7","23",,,,"87.0",,"10","47","66",,,,,,,,,
"112",456102,"Pauley, David",2012,"112","100.0","0.393","0.179","0.385","0.571","0.438",,,"11","28",,,,"85.4",,"11","60","52",,,,,,,,,
"103",435045,"Santos, Sergio",2012,"103","100.0","0.316","0.263","0.333","0.579","0.416",,,"6","19",,,,"92.0",,"9","41","62",,,,,,,,,
"98",110859,"Benitez, Armando",2008,"98","100.0","0.167","0.417","0.083","0.583","0.337",,,"4","24",,,,"89.6",,"17","53","45",,,,,,,,,
"88",119125,"Miller, Trever",2011,"88","100.0","0.375","0.250","0.385","0.625","0.461",,,"6","16",,,,"84.6",,"5","34","54",,,,,,,,,
"86",519403,"Weber, Thad",2013,"86","100.0","0.318","0.227","0.333","0.545","0.395",,,"7","22",,,,"86.4",,"7","37","49",,,,,,,,,
"85",469802,"Perez, Luis",2013,"85","100.0","0.211","0.000","0.308","0.211","0.235",,,"4","19",,,,"89.4",,"11","44","41",,,,,,,,,
"84",502026,"Jeffress, Jeremy",2014,"84","100.0","0.533","0.067","0.667","0.600","0.526",,,"8","15",,,,"92.4",,"8","32","52",,,,,,,,,
"80",554432,"Jenkins, Chad",2015,"80","100.0","0.214","0.214","0.182","0.429","0.346","0.315","0.200","3","14","89.5","26.6","2058","87.8","87.89","2","33","47","0.1","6.46","109","156","122","156","290","312","284"
"80",459988,"Ray, Robert",2010,"80","100.0","0.154","0.231","0.200","0.385","0.311",,,"2","13",,,,"84.4",,"8","30","45",,,,,,,,,
"79",627262,"Smith, Chris",2017,"79","100.0","0.318","0.364","0.300","0.682","0.421","0.301","0.248","7","22","88.0","21.7","2249","91.5","90.78","5","37","42","-0.7","6.03","110","151","112","146","298","319","294"
"76",502304,"Carpenter, David",2012,"76","100.0","0.471","0.353","0.583","0.824","0.567",,,"8","17",,,,"91.0",,"11","27","48",,,,,,,,,
"73",493547,"Storey, Mickey",2013,"73","100.0","0.353","0.176","0.500","0.529","0.377",,,"6","17",,,,"81.4",,"13","37","36",,,,,,,,,
"66",453515,"Purcey, David",2011,"66","100.0","0.300","0.000","0.429","0.300","0.389",,,"3","10",,,,"92.8",,"4","21","45",,,,,,,,,
"66",570702,"Ramirez, Carlos",2018,"66","100.0","0.125","0.000","0.200","0.125","0.333","0.371","0.172","1","8","96.0","-5.2","2194","88.2","88.44","6","23","43","0.2","6.38","116","146","118","148","284","320","301"
"62",475138,"Drabek, Kyle",2013,"62","100.0","0.364","0.273","0.429","0.636","0.491",,,"4","11",,,,"90.4",,"6","20","42",,,,,,,,,
"61",608665,"Graveman, Kendall",2014,"61","100.0","0.222","0.111","0.286","0.333","0.242",,,"4","18",,,,"91.9",,"8","33","28",,,,,,,,,
"60",571616,"Dermody, Matt",2016,"60","100.0","0.400","0.267","0.556","0.667","0.468","0.326","0.230","6","15","84.5","12.5","2200","88.7","88.36","14","30","30","-0.3","6.44","115","154","121","147","294","318","297"
"59",518833,"Hynes, Colt",2015,"59","100.0","0.500","0.063","0.667","0.563","0.477","0.341","0.323","8","16","88.6","3.2","1957","85.8","84.61","9","30","27","-1.2","5.86","109","146","112","147","287","306","294"
"59",462985,"Morales, Franklin",2016,"59","100.0","0.214","0.214","0.182","0.429","0.322","0.326","0.260","3","14","86.2","14.2","2177","83.5","81.67","2","26","33","-1.8","5.01","109","153","114","149","293","313","296"
"58",445090,"Korecky, Bobby",2014,"58","100.0","0.308","0.077","0.364","0.385","0.332",,,"4","13",,,,"85.7",,"7","30","28",,,,,,,,,
"56",446341,"Richmond, Scott",2012,"56","100.0","0.357","0.214","0.333","0.571","0.373",,,"5","14",,,,"86.6",,"4","24","32",,,,,,,,,
"56",462480,"Cruz, Rhiner",2018,"56","100.0","0.231","0.154","0.333","0.385","0.317","0.310","0.238","3","13","88.3","7.8","2175","88.6","88.55","6","25","31","-0.1","6.32","111","144","109","142","293","319","291"
"55",444836,"Laffey, Aaron",2013,"55","100.0","0.286","0.000","0.250","0.286","0.402",,,"2","7",,,,"86.4",,"0","17","38",,,,,,,,,
"55",475138,"Drabek, Kyle",2014,"55","100.0","0.182","0.091","0.333","0.273","0.273",,,"2","11",,,,"89.0",,"9","26","29",,,,,,,,,
"55",642098,"Sparkman, Glenn",2017,"55","100.0","0.818","0.273","0.900","1.091","0.804","0.365","0.352","9","11","82.3","13.1","2257","90.3","89.87","2","21","34","-0.4","6.34","100","136","110","138","289","314","286"
"54",457435,"Coke, Phil",2015,"54","100.0","0.111","0.333","0.000","0.444","0.313","0.457","0.257","1","9","93.1","6.2","2080","91.4","91.19","3","26","28","-0.2","6.31","115","151","117","149","285","314","304"
"52",579799,"Igarashi, Ryota",2012,"52","100.0","0.625","0.125","0.833","0.750","0.617",,,"5","8",,,,"90.9",,"4","24","28",,,,,,,,,
"51",433657,"Bush, Dave",2013,"51","100.0","0.357","0.857","0.111","1.214","0.666",,,"5","14",,,,"80.9",,"1","23","28",,,,,,,,,
"50",429723,"Valdez, Merkin",2010,"50","100.0","0.333","0.000","0.333","0.333","0.433",,,"2","6",,,,"93.7",,"2","18","32",,,,,,,,,
"47",573166,"Smith, Murphy",2018,"47","100.0","0.385","0.077","0.357","0.462","0.386","0.401","0.327","5","13","90.4","10.1","1910","88.8","87.91","3","26","21","-0.9","5.85","107","151","111","143","292","310","285"
"46",504186,"Leon, Arnold",2016,"46","100.0","0.300","0.400","0.286","0.700","0.439","0.416","0.299","3","10","96.3","5.1","2226","87.9","87.81","5","21","25","-0.1","6.52","104","150","112","146","297","317","286"
"46",592238,"Cumpton, Brandon",2018,"46","100.0","0.375","0.250","0.500","0.625","0.475","0.489","0.375","3","8","93.7","24.7","2310","87.9","86.67","3","13","33","-1.2","5.63","108","148","116","136","298","318","294"
"43",543144,"Farquhar, Danny",2011,"43","100.0","0.500","0.125","0.500","0.625","0.484",,,"4","8",,,,"88.6",,"2","16","27",,,,,,,,,
"42",425772,"Mathis, Jeff",2012,"42","100.0","0.400","0.300","0.400","0.700","0.486",,,"4","10",,,,"83.6",,"1","18","24",,,,,,,,,
"42",542884,"Antolin, Dustin",2016,"42","100.0","0.400","0.400","0.375","0.800","0.519","0.425","0.307","4","10","88.2","22.6","2113","88.5","88.60","2","16","26","0.1","6.66","104","147","115","145","295","314","278"
"41",518566,"Cole, Taylor",2017,"41","100.0","0.750","0.125","0.857","0.875","0.703","0.472",,"6","8",,,,,,"4","17","24",,,,,,,,,
"40",543334,"House, TJ",2017,"40","100.0","0.333","0.111","0.375","0.444","0.368","0.333","0.305","3","9","90.2","20.3","1970","84.7","82.87","3","19","21","-1.8","5.43","110","145","108","141","301","326","285"
"40",429718,"Hill, Shawn",2012,"40","100.0","0.000","0.000","0.000","0.000","0.126",,,"0","9",,,,"87.3",,"1","15","25",,,,,,,,,
"36",543118,"Drake, Oliver",2018,"36","100.0","0.444","0.444","0.571","0.889","0.550","0.201","0.198","4","9","86.9","21.2","1872","88.9","89.71","3","15","21","0.8","6.65","114","144","109","141","284","318","296"
"35",543594,"Nolin, Sean",2013,"35","100.0","0.700","0.500","0.667","1.200","0.808",,,"7","10",,,,"85.9",,"1","15","20",,,,,,,,,
"35",452027,"Albers, Andrew",2015,"35","100.0","0.111","0.333","0.000","0.444","0.313","0.514","0.346","1","9","91.4","8.7","1936","78.1","77.74","1","12","23","-0.4","5.64","112","155","117","149","278","317","290"
"35",430683,"Germano, Justin",2013,"35","100.0","0.500","0.417","0.500","0.917","0.609",,,"6","12",,,,"83.6",,"3","18","17",,,,,,,,,
"26",539438,"Diamond, Scott",2016,"26","100.0","0.400","0.200","0.400","0.600","0.500","0.362","0.208","2","5","94.6","10.6","2208","86.6","85.85","1","10","16","-0.7","6.05","100","146","107","143","291","308","288"
"25",473879,"Dyson, Sam",2012,"25","100.0","0.667","0.333","0.800","1.000","0.708",,,"4","6",,,,"90.9",,"1","11","14",,,,,,,,,
"25",444447,"Beck, Chad",2011,"25","100.0","0.125","0.000","0.200","0.125","0.111",,,"1","8",,,,"93.7",,"2","14","11",,,,,,,,,
"23",425226,"Tallet, Brian",2011,"23","100.0","0.667","0.000","1.000","0.667","0.634",,,"2","3",,,,"86.3",,"1","7","16",,,,,,,,,
"21",445090,"Korecky, Bobby",2012,"21","100.0","0.250","0.750","0.000","1.000","0.550",,,"1","4",,,,"84.6",,"1","11","10",,,,,,,,,
"19",502208,"Walters, P.J.",2011,"19","100.0","0.000","0.000","0.000","0.000","0.231",,,"0","2",,,,"88.0",,"2","7","12",,,,,,,,,
"18",543594,"Nolin, Sean",2014,"18","100.0","0.250","0.750","0.000","1.000","0.534",,,"1","4",,,,"91.8",,"2","8","10",,,,,,,,,
"18",430587,"Buchholz, Taylor",2010,"18","100.0","0.000","0.000","0.000","0.000","0.000",,,"0","6",,,,"85.3",,"0","9","9",,,,,,,,,
"16",434778,"Morales, Kendrys",2018,"16","100.0","0.000","0.000","0.000","0.000","0.172","0.381","0.209","0","3","93.5","38.3","2288","82.9","82.11","0","5","11","-0.8","5.63","118","161","128","151","310","326","310"
"16",446381,"Barney, Darwin",2016,"16","100.0","0.250","0.750","0.000","1.000","0.504","0.350","0.230","1","4","90.9","43.7","2012","85.1","83.36","1","9","7","-1.7","5.34","121","165","125","150","300","327","303"
"15",635903,"Rowley, Chris",2018,"15","100.0","0.400","0.600","0.250","1.000","0.582","0.492","0.331","2","5","92.5","-2.6","2271","85.6","85.43","0","8","7","-0.2","6.05","99","142","98","136","268","300","289"
"15",572365,"Goins, Ryan",2016,"15","100.0","0.500","0.000","0.500","0.500","0.439","0.352","0.385","2","4","74.6","3.5","2143","77.4","75.53","1","6","5","-1.9","5.15","98","138","99","131","276","306","295"
"13",519169,"Rasmussen, Rob",2015,"13","100.0","0.250","0.000","0.333","0.250","0.220","0.319","0.339","1","4","95.3","12.3","2170","91.3","89.18","1","5","8","-2.1","5.52","118","151","122","149","296","308","295"
"13",476270,"Tolleson, Steve",2014,"13","100.0","0.250","0.250","0.333","0.500","0.321",,,"1","4",,,,"75.0",,"2","6","7",,,,,,,,,
"12",453454,"McCoy, Mike",2011,"12","100.0","0.000","0.000","0.000","0.000","0.000",,,"0","3",,,,"71.7",,"3","7","5",,,,,,,,,
"12",448694,"Wells, Randy",2008,"12","100.0","0.000","0.000","0.000","0.000","0.177",,,"0","3",,,,"89.9",,"0","3","9",,,,,,,,,
"6",446341,"Richmond, Scott",2011,"6","100.0","0.000","0.000","0.000","0.000","0.000",,,"0","1",,,,"87.0",,"2","3","3",,,,,,,,,